file,values
01630.txt,"[""'die"", ""'military"", ""'murder"", ""'security""]"
02346.txt,"[""'attack"", ""'guns"", ""'guns"", ""'murder"", ""'suffering"", ""'vicious"", ""'violence"", ""'weapons""]"
00792.txt,"[""'seize"", ""'strategy"", ""'suffering"", ""'target""]"
04188.txt,"[""'fight"", ""'kill"", ""'tactics"", ""'threat"", ""'violence""]"
02463.txt,"[""'attack"", ""'death"", ""'guns"", ""'machine"", ""'guns"", ""'war""]"
00172.txt,"[""'escape"", ""'land"", ""'security"", ""'strategic""]"
02959.txt,"[""'dead"", ""'death"", ""'land"", ""'military"", ""'rebellion"", ""'violence""]"
00490.txt,"[""'destroy"", ""'disastrous"", ""'explosive"", ""'retaliation"", ""'threat""]"
00598.txt,"[""'bomb"", ""'security"", ""'terrorism"", ""'threat""]"
03557.txt,"[""'attack"", ""'warfare"", ""'military"", ""'militia"", ""'mission"", ""'security"", ""'threat"", ""'violence"", ""'weapons""]"
02005.txt,"[""'coalition"", ""'fight"", ""'land"", ""'military"", ""'tragic"", ""'war""]"
02201.txt,"[""'die"", ""'disease"", ""'fight"", ""'mission""]"
02303.txt,"[""'dead"", ""'land"", ""'secret"", ""'treachery"", ""'war""]"
01504.txt,"[""'assault"", ""'attack"", ""'coalition"", ""'dead"", ""'death"", ""'devastation"", ""'disaster"", ""'fight"", ""'fighter"", ""'guided"", ""'guns"", ""'land"", ""'guns"", ""'military"", ""'missile"", ""'security"", ""'surrender"", ""'terrorist"", ""'threaten"", ""'war""]"
00416.txt,"[""'disaster"", ""'escape"", ""'security"", ""'strategic""]"
00639.txt,"[""'bombs"", ""'security"", ""'tank"", ""'threat""]"
03703.txt,"[""'attack"", ""'coalition"", ""'fight"", ""'hostility"", ""'informant""]"
01879.txt,"[""'coalition"", ""'fight"", ""'strategy"", ""'threaten""]"
01496.txt,"[""'massacre"", ""'military"", ""'threat"", ""'weapons""]"
04163.txt,"[""'bomb"", ""'dead"", ""'disaster"", ""'explosion"", ""'explosive"", ""'missile"", ""'terrorism"", ""'terrorist"", ""'wreckage""]"
01691.txt,"[""'bomb"", ""'disaster"", ""'bombs"", ""'guns"", ""'guns"", ""'security"", ""'terrorism"", ""'threat""]"
00391.txt,"[""'injuries"", ""'military"", ""'tank"", ""'target""]"
02063.txt,"[""'death"", ""'disaster"", ""'fatal"", ""'strategy"", ""'terrorism""]"
03605.txt,"[""'attack"", ""'death"", ""'destruction"", ""'injuries"", ""'overthrow"", ""'threat""]"
00844.txt,"[""'die"", ""'land"", ""'mayhem"", ""'war""]"
04181.txt,"[""'annihilate"", ""'attack"", ""'destruction"", ""'kill"", ""'military"", ""'missile"", ""'rocket"", ""'secret"", ""'security"", ""'strategic"", ""'submarine"", ""'target"", ""'threat"", ""'threaten"", ""'war"", ""'warheads"", ""'weapon"", ""'weapons""]"
02974.txt,"[""'attack"", ""'fight"", ""'strategist"", ""'strategy"", ""'target""]"
02022.txt,"[""'capture"", ""'dead"", ""'disaster"", ""'explosive"", ""'investigations"", ""'suspect"", ""'terrorism"", ""'terrorist"", ""'wreckage""]"
00791.txt,"[""'seize"", ""'satellite"", ""'strategic"", ""'threat"", ""'threaten""]"
04345.txt,"[""'conspiracy"", ""'death"", ""'security"", ""'violence""]"
01728.txt,"[""'trap"", ""'escape"", ""'fatal"", ""'mission"", ""'radical"", ""'satellite"", ""'surrender"", ""'weapons""]"
02902.txt,"[""'brutal"", ""'conspiracy"", ""'die"", ""'flee"", ""'guns"", ""'informant"", ""'guns"", ""'military"", ""'murder"", ""'threaten"", ""'vicious""]"
02939.txt,"[""'capture"", ""'dead"", ""'fight"", ""'fighter""]"
02251.txt,"[""'deadly"", ""'death"", ""'fight"", ""'injuries"", ""'rocket"", ""'strategy"", ""'tactics"", ""'tragic""]"
02604.txt,"[""'explode"", ""'fight"", ""'military"", ""'strategist"", ""'strategy"", ""'war""]"
02816.txt,"[""'assault"", ""'attack"", ""'coalition"", ""'dead"", ""'death"", ""'devastation"", ""'disaster"", ""'fight"", ""'fighter"", ""'guided"", ""'guns"", ""'land"", ""'guns"", ""'military"", ""'missile"", ""'security"", ""'surrender"", ""'terrorist"", ""'threaten"", ""'war""]"
02954.txt,"[""'reconnaissance"", ""'tactics"", ""'target"", ""'threat"", ""'war""]"
00205.txt,"[""'fight"", ""'mission"", ""'strategist"", ""'strategy"", ""'tank"", ""'threat"", ""'war""]"
02519.txt,"[""'attack"", ""'escape"", ""'hostile"", ""'massacre"", ""'military"", ""'terrorist"", ""'war""]"
04204.txt,"[""'flee"", ""'machine"", ""'overrun"", ""'secret""]"
03207.txt,"[""'explosion"", ""'fight"", ""'land"", ""'security"", ""'violence"", ""'war""]"
02419.txt,"[""'capture"", ""'land"", ""'terrorist"", ""'wreckage""]"
03701.txt,"[""'coalition"", ""'dead"", ""'death"", ""'threat""]"
03933.txt,"[""'attack"", ""'disaster"", ""'rebel"", ""'security"", ""'strategy"", ""'threat""]"
03137.txt,"[""'die"", ""'military"", ""'murder"", ""'security""]"
04334.txt,"[""'attack"", ""'disaster"", ""'military"", ""'security"", ""'strangle"", ""'terrorist"", ""'threat"", ""'violence"", ""'war""]"
03608.txt,"[""'extremism"", ""'security"", ""'strategy"", ""'terrorism""]"
04243.txt,"[""'assault"", ""'attack"", ""'coalition"", ""'radical"", ""'war""]"
04424.txt,"[""'breach"", ""'invasion"", ""'investigations"", ""'security""]"
01381.txt,"[""'attack"", ""'fight"", ""'strategist"", ""'strategy"", ""'target""]"
02056.txt,"[""'disaster"", ""'explosive"", ""'holocaust"", ""'secrecy"", ""'strategic"", ""'suffering"", ""'tactics"", ""'war"", ""'weapons""]"
01048.txt,"[""'escape"", ""'hostility"", ""'strategy"", ""'target""]"
03889.txt,"[""'attack"", ""'guns"", ""'investigate"", ""'guns"", ""'terrorist""]"
03363.txt,"[""'brutality"", ""'chaos"", ""'destroy"", ""'die"", ""'fight"", ""'murder"", ""'violence"", ""'war""]"
04024.txt,"[""'anarchy"", ""'disastrous"", ""'military"", ""'missile"", ""'suffering"", ""'threat"", ""'war"", ""'weapons""]"
00231.txt,"[""'attack"", ""'death"", ""'die"", ""'investigate"", ""'military"", ""'security""]"
00554.txt,"[""'guns"", ""'guns"", ""'military"", ""'radical"", ""'threat"", ""'war""]"
00062.txt,"[""'bomb"", ""'guns"", ""'guns"", ""'security"", ""'suspect"", ""'terrorism"", ""'weapons""]"
03316.txt,"[""'land"", ""'strategist"", ""'strategy"", ""'terrorism""]"
01239.txt,"[""'conspiracy"", ""'death"", ""'warfare"", ""'military"", ""'secrecy"", ""'secret"", ""'tactics"", ""'war""]"
02815.txt,"[""'assault"", ""'attack"", ""'casualties"", ""'dead"", ""'destroy"", ""'military"", ""'rebel"", ""'retaliation"", ""'revenge""]"
02173.txt,"[""'coalition"", ""'land"", ""'satellite"", ""'strategic"", ""'violence""]"
00184.txt,"[""'bomb"", ""'security"", ""'terrorism"", ""'threat""]"
03785.txt,"[""'attack"", ""'bomb"", ""'disaster"", ""'explode"", ""'explosion"", ""'investigations"", ""'military"", ""'missile"", ""'security"", ""'terrorism"", ""'terrorist"", ""'wreckage""]"
02263.txt,"[""'defiant"", ""'land"", ""'military"", ""'security"", ""'strategy"", ""'war""]"
00723.txt,"[""'brutal"", ""'destroy"", ""'disastrous"", ""'escape"", ""'land"", ""'secret""]"
04290.txt,"[""'defiant"", ""'fight"", ""'rage"", ""'war""]"
01876.txt,"[""'death"", ""'destruction"", ""'disaster"", ""'explosion"", ""'missile"", ""'security"", ""'terrorism"", ""'wreckage""]"
03903.txt,"[""'die"", ""'disaster"", ""'injuries"", ""'secret"", ""'war""]"
00182.txt,"[""'bomb"", ""'disaster"", ""'explosion"", ""'explosive"", ""'injuries"", ""'missile"", ""'tank"", ""'wreckage""]"
00134.txt,"[""'attack"", ""'brutal"", ""'machine"", ""'notorious"", ""'seize"", ""'war""]"
02737.txt,"[""'aggression"", ""'assault"", ""'attack"", ""'military"", ""'missile"", ""'reconnaissance"", ""'retaliation"", ""'security"", ""'submarine"", ""'threat"", ""'war""]"
04365.txt,"[""'attack"", ""'devastation"", ""'tank"", ""'war""]"
01412.txt,"[""'destruction"", ""'guns"", ""'land"", ""'guns"", ""'tank""]"
00551.txt,"[""'casualties"", ""'invasion"", ""'military"", ""'outbreak"", ""'rebel"", ""'rebellion"", ""'reconnaissance"", ""'security"", ""'target""]"
04444.txt,"[""'die"", ""'explosion"", ""'security"", ""'tactics"", ""'target"", ""'violence""]"
03227.txt,"[""'capture"", ""'fight"", ""'germ"", ""'security"", ""'vociferous"", ""'war""]"
02136.txt,"[""'disaster"", ""'guided"", ""'mission"", ""'war""]"
03231.txt,"[""'attack"", ""'bomb"", ""'chaos"", ""'detonate"", ""'military"", ""'radiation"", ""'reconnaissance"", ""'target"", ""'terrorist"", ""'weapons""]"
00459.txt,"[""'attack"", ""'dead"", ""'radical"", ""'rebel"", ""'security"", ""'strategic"", ""'threat"", ""'violence""]"
04472.txt,"[""'fight"", ""'genocide"", ""'military"", ""'security"", ""'violence"", ""'war""]"
01349.txt,"[""'brutal"", ""'dead"", ""'death"", ""'disease"", ""'invasion"", ""'military"", ""'radical"", ""'rebel"", ""'violence"", ""'war""]"
03928.txt,"[""'land"", ""'mission"", ""'retaliation"", ""'threat""]"
02354.txt,"[""'attack"", ""'fight"", ""'bombs"", ""'hostile"", ""'military"", ""'mission"", ""'rage"", ""'security"", ""'threat"", ""'war""]"
03601.txt,"[""'fight"", ""'land"", ""'mission"", ""'strategy"", ""'tank""]"
03839.txt,"[""'dead"", ""'deadly"", ""'death"", ""'invasion"", ""'kill"", ""'military"", ""'violence""]"
02648.txt,"[""'attack"", ""'military"", ""'rebel"", ""'war""]"
03817.txt,"[""'attack"", ""'bomb"", ""'flee"", ""'interrogation"", ""'militant"", ""'military"", ""'overthrow"", ""'secret"", ""'security"", ""'suspect""]"
03078.txt,"[""'casualties"", ""'death"", ""'injuries"", ""'military""]"
02536.txt,"[""'attack"", ""'fight"", ""'notorious"", ""'rebellion"", ""'tactics"", ""'terror"", ""'war""]"
00895.txt,"[""'death"", ""'die"", ""'fatal"", ""'kill"", ""'murder"", ""'secrecy"", ""'secret"", ""'suffering""]"
00147.txt,"[""'trap"", ""'explosive"", ""'kill"", ""'target""]"
01372.txt,"[""'military"", ""'rocket"", ""'satellite"", ""'strategy""]"
02936.txt,"[""'conspiracy"", ""'disease"", ""'fight"", ""'strategy""]"
01839.txt,"[""'military"", ""'threat"", ""'threaten"", ""'war""]"
00505.txt,"[""'conspiracy"", ""'military"", ""'radical"", ""'tank"", ""'threat""]"
01623.txt,"[""'attack"", ""'bomb"", ""'disaster"", ""'explode"", ""'explosion"", ""'investigations"", ""'military"", ""'missile"", ""'security"", ""'terrorism"", ""'terrorist"", ""'wreckage""]"
02286.txt,"[""'dead"", ""'die"", ""'investigate"", ""'machine"", ""'military"", ""'strategy""]"
00830.txt,"[""'die"", ""'fight"", ""'strategy"", ""'target""]"
03055.txt,"[""'attack"", ""'fight"", ""'military"", ""'rebel"", ""'security""]"
03155.txt,"[""'bomb"", ""'coalition"", ""'destroy"", ""'escape"", ""'bombs"", ""'military"", ""'missile"", ""'satellite"", ""'strategic"", ""'suspect"", ""'tactics"", ""'threat"", ""'war"", ""'warheads"", ""'weapon"", ""'weapons""]"
02521.txt,"[""'destruction"", ""'guns"", ""'hostility"", ""'guns"", ""'military"", ""'mortars"", ""'radiation"", ""'reconnaissance"", ""'secret"", ""'security"", ""'strategic"", ""'terrorism"", ""'terrorist"", ""'threat"", ""'weapon"", ""'weapons""]"
01665.txt,"[""'captive"", ""'death"", ""'fatal"", ""'injuries"", ""'security""]"
02755.txt,"[""'fight"", ""'militant"", ""'security"", ""'target""]"
03586.txt,"[""'invasion"", ""'militia"", ""'rebel"", ""'secret""]"
00293.txt,"[""'fight"", ""'infantry"", ""'missile"", ""'security"", ""'war""]"
03496.txt,"[""'assault"", ""'disaster"", ""'fight"", ""'strategy"", ""'war"", ""'weapons""]"
02259.txt,"[""'dead"", ""'security"", ""'threat"", ""'weapons""]"
00290.txt,"[""'casualties"", ""'machine"", ""'surrender"", ""'war""]"
04451.txt,"[""'attack"", ""'carnage"", ""'chaos"", ""'death"", ""'bombs"", ""'military"", ""'mission"", ""'security"", ""'war""]"
03949.txt,"[""'assault"", ""'fight"", ""'military"", ""'violence"", ""'war""]"
03845.txt,"[""'attack"", ""'bomb"", ""'destroy"", ""'explode"", ""'explosion"", ""'explosive"", ""'missile"", ""'rocket"", ""'target"", ""'wreckage""]"
04034.txt,"[""'casualties"", ""'disaster"", ""'evacuate"", ""'flee"", ""'tank"", ""'threaten""]"
04245.txt,"[""'attack"", ""'casualties"", ""'military"", ""'rebel"", ""'security"", ""'war"", ""'weapons""]"
00125.txt,"[""'attack"", ""'military"", ""'missile"", ""'security""]"
00485.txt,"[""'dead"", ""'death"", ""'military"", ""'security""]"
02859.txt,"[""'death"", ""'die"", ""'evacuate"", ""'rebel"", ""'threat"", ""'threaten""]"
01798.txt,"[""'coalition"", ""'execute"", ""'fight"", ""'military"", ""'radical"", ""'strategy"", ""'tank""]"
02687.txt,"[""'carnage"", ""'security"", ""'strategist"", ""'suspect"", ""'wreckage""]"
02161.txt,"[""'attack"", ""'disease"", ""'security"", ""'strategic"", ""'strategy"", ""'suffering""]"
00668.txt,"[""'disastrous"", ""'execute"", ""'mission"", ""'radical"", ""'strategy""]"
00259.txt,"[""'guns"", ""'horrific"", ""'guns"", ""'mayhem"", ""'murder"", ""'surrender"", ""'violence"", ""'weapon"", ""'weapons""]"
02060.txt,"[""'chaos"", ""'disaster"", ""'security"", ""'strategy"", ""'war""]"
02523.txt,"[""'coalition"", ""'fatal"", ""'fight"", ""'seize""]"
00682.txt,"[""'assault"", ""'attack"", ""'death"", ""'radical"", ""'sabotage"", ""'threat"", ""'weapons""]"
03894.txt,"[""'attack"", ""'disastrous"", ""'missile"", ""'notorious"", ""'security"", ""'tank"", ""'target"", ""'threat""]"
01151.txt,"[""'coalition"", ""'military"", ""'security"", ""'target""]"
01536.txt,"[""'coalition"", ""'militant"", ""'military"", ""'radical"", ""'rebellion"", ""'strategic"", ""'threat"", ""'war""]"
02055.txt,"[""'deadly"", ""'disaster"", ""'land"", ""'mines"", ""'mines"", ""'wreckage""]"
01747.txt,"[""'aggression"", ""'destroy"", ""'savage"", ""'security"", ""'violence"", ""'war""]"
00684.txt,"[""'investigate"", ""'militaristic"", ""'mistreatment"", ""'security"", ""'strategy"", ""'target"", ""'violence""]"
01813.txt,"[""'disaster"", ""'explosion"", ""'rocket"", ""'secrecy"", ""'secret"", ""'satellite"", ""'target""]"
01688.txt,"[""'explode"", ""'strategist"", ""'strategy"", ""'suspect""]"
02788.txt,"[""'attack"", ""'explosion"", ""'machine"", ""'military"", ""'vicious"", ""'war""]"
00939.txt,"[""'military"", ""'rebel"", ""'security"", ""'threat""]"
04201.txt,"[""'dead"", ""'land"", ""'mission"", ""'target""]"
02295.txt,"[""'attack"", ""'death"", ""'guns"", ""'machine"", ""'guns"", ""'war""]"
01600.txt,"[""'dead"", ""'land"", ""'military"", ""'rebel"", ""'security"", ""'war""]"
01946.txt,"[""'bomb"", ""'bombs"", ""'security"", ""'surrender"", ""'terrorism""]"
04081.txt,"[""'destroy"", ""'military"", ""'satellite"", ""'tactics""]"
00578.txt,"[""'attack"", ""'bomb"", ""'fatal"", ""'fight"", ""'mission""]"
00454.txt,"[""'attack"", ""'bomb"", ""'disaster"", ""'explode"", ""'explosion"", ""'explosive"", ""'bombs"", ""'military"", ""'missile"", ""'tank""]"
01446.txt,"[""'fight"", ""'guns"", ""'land"", ""'guns"", ""'mission"", ""'munitions"", ""'submarine"", ""'war""]"
04169.txt,"[""'assault"", ""'capture"", ""'guns"", ""'investigate"", ""'machine"", ""'guns"", ""'strategy"", ""'tactics""]"
03501.txt,"[""'attack"", ""'brutal"", ""'death"", ""'land"", ""'rebellion"", ""'retaliation"", ""'suffering"", ""'terror""]"
03924.txt,"[""'assault"", ""'attack"", ""'fight"", ""'investigate"", ""'military"", ""'security"", ""'violence"", ""'war""]"
03556.txt,"[""'capture"", ""'death"", ""'execution"", ""'fight"", ""'hostile"", ""'military"", ""'murder"", ""'security"", ""'suspect"", ""'vociferous"", ""'war""]"
01756.txt,"[""'brutal"", ""'death"", ""'disease"", ""'military"", ""'overthrow"", ""'retaliation"", ""'retribution"", ""'revenge"", ""'seize"", ""'violence""]"
03054.txt,"[""'explode"", ""'fight"", ""'suffering"", ""'weapons""]"
04033.txt,"[""'fight"", ""'strategy"", ""'target"", ""'threat""]"
00863.txt,"[""'dead"", ""'kill"", ""'menace"", ""'outbreak"", ""'siege"", ""'war""]"
02602.txt,"[""'anguish"", ""'dead"", ""'destroy"", ""'vile""]"
00406.txt,"[""'explosion"", ""'invasion"", ""'murder"", ""'strategic"", ""'target"", ""'terrorism"", ""'threat"", ""'war"", ""'weapons""]"
01145.txt,"[""'attack"", ""'coalition"", ""'death"", ""'security""]"
03728.txt,"[""'warfare"", ""'overthrow"", ""'radical"", ""'terror""]"
01788.txt,"[""'assault"", ""'attack"", ""'coalition"", ""'die"", ""'fight"", ""'warfare"", ""'mission"", ""'surrender"", ""'tragic"", ""'vicious"", ""'war"", ""'weapons""]"
02530.txt,"[""'brutal"", ""'brutality"", ""'dead"", ""'death"", ""'war""]"
00131.txt,"[""'military"", ""'rocket"", ""'security"", ""'strategic"", ""'tank"", ""'threat"", ""'war"", ""'weapons""]"
01906.txt,"[""'destroy"", ""'invasion"", ""'military"", ""'security"", ""'war"", ""'weapons""]"
01413.txt,"[""'death"", ""'explosion"", ""'bombs"", ""'security"", ""'terrorism"", ""'tragic"", ""'wreckage""]"
02106.txt,"[""'attack"", ""'explosion"", ""'machine"", ""'military"", ""'vicious"", ""'war""]"
01079.txt,"[""'attack"", ""'bomb"", ""'die"", ""'bombs"", ""'mission"", ""'outbreak"", ""'strategy"", ""'terror"", ""'violence""]"
00315.txt,"[""'attack"", ""'coalition"", ""'hostile"", ""'military"", ""'missile"", ""'murder"", ""'revenge"", ""'war""]"
03687.txt,"[""'guns"", ""'invasion"", ""'guns"", ""'military"", ""'strategic"", ""'terrorism"", ""'terrorist"", ""'violence"", ""'war""]"
01832.txt,"[""'radical"", ""'strategy"", ""'tank"", ""'target""]"
04391.txt,"[""'annihilate"", ""'death"", ""'fight"", ""'strategist"", ""'target""]"
03355.txt,"[""'explosive"", ""'investigate"", ""'investigations"", ""'security""]"
01533.txt,"[""'death"", ""'land"", ""'machine"", ""'tactics""]"
02969.txt,"[""'death"", ""'kill"", ""'missile"", ""'threaten""]"
00240.txt,"[""'fight"", ""'warfare"", ""'mayhem"", ""'military"", ""'rebel"", ""'seize"", ""'violence""]"
02407.txt,"[""'bomb"", ""'destroy"", ""'fight"", ""'kill"", ""'land"", ""'terrorism"", ""'war""]"
03890.txt,"[""'fight"", ""'missile"", ""'security"", ""'strategic""]"
00950.txt,"[""'death"", ""'explosive"", ""'land"", ""'security""]"
00195.txt,"[""'explosion"", ""'injuries"", ""'security"", ""'suffering""]"
00587.txt,"[""'assault"", ""'missile"", ""'strategist"", ""'strategy"", ""'war""]"
03711.txt,"[""'attack"", ""'land"", ""'machine"", ""'radical"", ""'target""]"
00582.txt,"[""'attack"", ""'insurgent"", ""'military"", ""'security"", ""'threaten"", ""'weapons""]"
00265.txt,"[""'death"", ""'die"", ""'militaristic"", ""'military"", ""'seize""]"
00311.txt,"[""'assault"", ""'fighter"", ""'proliferation"", ""'security"", ""'threat""]"
02644.txt,"[""'land"", ""'military"", ""'sabotage"", ""'security"", ""'weapons""]"
00995.txt,"[""'bomb"", ""'trap"", ""'dead"", ""'disaster"", ""'explosion"", ""'suspect"", ""'terrorism"", ""'wreckage""]"
03654.txt,"[""'breach"", ""'coalition"", ""'military"", ""'strategic"", ""'strategy"", ""'war""]"
00480.txt,"[""'trap"", ""'military"", ""'security"", ""'strategic"", ""'war""]"
04418.txt,"[""'captive"", ""'destroy"", ""'invasion"", ""'military"", ""'rebel"", ""'security""]"
00418.txt,"[""'attack"", ""'military"", ""'security"", ""'terrorist"", ""'war"", ""'weapons""]"
02787.txt,"[""'capture"", ""'death"", ""'notorious"", ""'war""]"
01892.txt,"[""'attack"", ""'security"", ""'strategist"", ""'strategy"", ""'target"", ""'threat""]"
03129.txt,"[""'explosion"", ""'revenge"", ""'strategic"", ""'strategy""]"
03851.txt,"[""'explosion"", ""'provocation"", ""'threat"", ""'tragic""]"
02626.txt,"[""'warfare"", ""'military"", ""'rebel"", ""'siege"", ""'tactics"", ""'war""]"
03892.txt,"[""'land"", ""'military"", ""'sabotage"", ""'secret"", ""'security""]"
00739.txt,"[""'attack"", ""'coalition"", ""'defiant"", ""'destroy"", ""'fight"", ""'fighter"", ""'military"", ""'missile"", ""'mission"", ""'strategic"", ""'strategy"", ""'tank"", ""'terrorist"", ""'violence"", ""'war"", ""'warplane""]"
03414.txt,"[""'attack"", ""'military"", ""'missile"", ""'threaten""]"
01430.txt,"[""'death"", ""'overthrow"", ""'tactics"", ""'terrorism"", ""'violence""]"
03040.txt,"[""'attack"", ""'bioterrorism"", ""'disease"", ""'tactics"", ""'target"", ""'weapons""]"
01387.txt,"[""'dead"", ""'death"", ""'execution"", ""'military""]"
03739.txt,"[""'bomb"", ""'deadly"", ""'explosion"", ""'missile"", ""'wreckage""]"
03229.txt,"[""'bomb"", ""'disaster"", ""'bombs"", ""'guns"", ""'guns"", ""'security"", ""'terrorism"", ""'threat""]"
00247.txt,"[""'death"", ""'injuries"", ""'murder"", ""'weapon"", ""'weapons""]"
00941.txt,"[""'chaos"", ""'conspiracy"", ""'hostile"", ""'security""]"
00280.txt,"[""'assault"", ""'attack"", ""'casualties"", ""'fight"", ""'land"", ""'military"", ""'overrun"", ""'rebel"", ""'security"", ""'war""]"
01117.txt,"[""'attack"", ""'fight"", ""'military"", ""'secret"", ""'security"", ""'strategic"", ""'strategy"", ""'war""]"
02329.txt,"[""'investigations"", ""'secrecy"", ""'secret"", ""'threat""]"
01155.txt,"[""'death"", ""'military"", ""'security"", ""'strategy"", ""'threat""]"
03292.txt,"[""'brutal"", ""'coalition"", ""'military"", ""'threat"", ""'war""]"
03978.txt,"[""'investigate"", ""'security"", ""'strategy"", ""'threat""]"
00827.txt,"[""'dead"", ""'death"", ""'destruction"", ""'land"", ""'military""]"
02352.txt,"[""'death"", ""'machine"", ""'security"", ""'strategic"", ""'tank"", ""'war""]"
00389.txt,"[""'capture"", ""'coalition"", ""'military"", ""'strategy"", ""'threat""]"
00790.txt,"[""'attack"", ""'explosion"", ""'security"", ""'terrorist"", ""'wreckage""]"
00110.txt,"[""'attack"", ""'fight"", ""'military"", ""'rebel"", ""'security"", ""'war""]"
00213.txt,"[""'assault"", ""'capture"", ""'destroy"", ""'fight"", ""'fighter"", ""'flee"", ""'guns"", ""'kill"", ""'land"", ""'guns"", ""'rocket"", ""'savage"", ""'security"", ""'suffering"", ""'war""]"
02635.txt,"[""'chaos"", ""'explosive"", ""'fight"", ""'strategist""]"
00109.txt,"[""'death"", ""'military"", ""'rebel"", ""'security"", ""'tank"", ""'war""]"
01786.txt,"[""'warfare"", ""'strategist"", ""'target"", ""'threat""]"
01976.txt,"[""'attack"", ""'bomb"", ""'disaster"", ""'explode"", ""'explosion"", ""'investigations"", ""'military"", ""'missile"", ""'security"", ""'terrorism"", ""'terrorist"", ""'wreckage""]"
03542.txt,"[""'escape"", ""'machine"", ""'mayhem"", ""'strategy"", ""'tank""]"
01476.txt,"[""'conspiracy"", ""'military"", ""'mission"", ""'security""]"
00237.txt,"[""'trap"", ""'investigate"", ""'investigations"", ""'security"", ""'target""]"
01236.txt,"[""'ambush"", ""'death"", ""'guns"", ""'invasion"", ""'guns"", ""'militant"", ""'military"", ""'secret""]"
04299.txt,"[""'aggressor"", ""'military"", ""'missile"", ""'outbreak"", ""'secret"", ""'security"", ""'strategic"", ""'terrorism"", ""'terrorist"", ""'war"", ""'weapons""]"
02447.txt,"[""'assault"", ""'attack"", ""'casualties"", ""'dead"", ""'death"", ""'destroy"", ""'military"", ""'rebel"", ""'retaliation"", ""'revenge""]"
01610.txt,"[""'military"", ""'security"", ""'strategic"", ""'war"", ""'weapons""]"
01766.txt,"[""'coalition"", ""'deadly"", ""'death"", ""'disaster"", ""'explosion"", ""'guided"", ""'hostility"", ""'massacre"", ""'military"", ""'missile"", ""'rebel"", ""'retaliation"", ""'revenge"", ""'seize"", ""'suffering"", ""'violence"", ""'war"", ""'weapons""]"
02588.txt,"[""'assault"", ""'dead"", ""'fight"", ""'guided"", ""'radical"", ""'strategic"", ""'strategist"", ""'strategy"", ""'target"", ""'violence"", ""'weapon"", ""'weapons""]"
00142.txt,"[""'land"", ""'mission"", ""'retribution"", ""'surrender"", ""'tank"", ""'war""]"
00445.txt,"[""'attack"", ""'bomb"", ""'fight"", ""'target""]"
01383.txt,"[""'military"", ""'security"", ""'tank"", ""'war""]"
03781.txt,"[""'dead"", ""'death"", ""'investigate"", ""'investigations"", ""'target""]"
00782.txt,"[""'casualties"", ""'military"", ""'mission"", ""'rebel"", ""'security"", ""'violence"", ""'war""]"
03727.txt,"[""'aggression"", ""'attack"", ""'casualties"", ""'fighter"", ""'invasion"", ""'land"", ""'military"", ""'rebellion"", ""'tank"", ""'war""]"
02047.txt,"[""'casualties"", ""'coalition"", ""'mortars"", ""'overthrow"", ""'rebel"", ""'weapons""]"
02943.txt,"[""'attack"", ""'coalition"", ""'death"", ""'security""]"
03330.txt,"[""'deadly"", ""'guided"", ""'terrorist"", ""'wreckage""]"
00270.txt,"[""'military"", ""'retaliation"", ""'slaughter"", ""'violence""]"
03745.txt,"[""'escape"", ""'security"", ""'strategy"", ""'suffering""]"
00139.txt,"[""'dead"", ""'death"", ""'fight"", ""'investigations"", ""'secret"", ""'target"", ""'war""]"
01683.txt,"[""'land"", ""'mines"", ""'mines"", ""'strategic""]"
04399.txt,"[""'casualties"", ""'machine"", ""'strategy"", ""'surrender"", ""'war""]"
04040.txt,"[""'disaster"", ""'escape"", ""'military"", ""'threat""]"
03859.txt,"[""'attack"", ""'militia"", ""'strategist"", ""'war""]"
02317.txt,"[""'assault"", ""'attack"", ""'brutality"", ""'military"", ""'missile"", ""'retaliation"", ""'terror"", ""'violence"", ""'war""]"
03389.txt,"[""'fight"", ""'fighter"", ""'target"", ""'vendetta""]"
03275.txt,"[""'trap"", ""'hostile"", ""'seize"", ""'strategy""]"
02513.txt,"[""'attack"", ""'death"", ""'destruction"", ""'injuries"", ""'overthrow""]"
03156.txt,"[""'attack"", ""'disease"", ""'fatal"", ""'injuries"", ""'radiation"", ""'war""]"
00572.txt,"[""'rebel"", ""'strategy"", ""'terrorist"", ""'violence"", ""'weapons""]"
00591.txt,"[""'attack"", ""'chaos"", ""'fight"", ""'military"", ""'radical"", ""'security"", ""'war""]"
03619.txt,"[""'attack"", ""'defiant"", ""'execution"", ""'invasion"", ""'military"", ""'missile"", ""'security"", ""'strategic"", ""'threat"", ""'war""]"
01354.txt,"[""'attack"", ""'military"", ""'missile"", ""'security"", ""'strategist""]"
01244.txt,"[""'attack"", ""'death"", ""'disease"", ""'seize""]"
03126.txt,"[""'bomb"", ""'investigate"", ""'investigations"", ""'mission"", ""'tactics""]"
00748.txt,"[""'death"", ""'secrecy"", ""'suspect"", ""'tragic""]"
02182.txt,"[""'attack"", ""'captive"", ""'death"", ""'insurgent"", ""'land"", ""'rebel"", ""'security"", ""'violence""]"
00130.txt,"[""'disaster"", ""'explode"", ""'rocket"", ""'satellite""]"
02124.txt,"[""'death"", ""'die"", ""'disease"", ""'radiation"", ""'security""]"
04382.txt,"[""'assassinate"", ""'disaster"", ""'guided"", ""'investigate"", ""'kill"", ""'mission"", ""'proliferation"", ""'security"", ""'terrorism"", ""'terrorist"", ""'weapons""]"
03320.txt,"[""'coalition"", ""'military"", ""'secret"", ""'spy"", ""'spy"", ""'satellite"", ""'strategist"", ""'strategy"", ""'war"", ""'weapon""]"
00029.txt,"[""'attack"", ""'capture"", ""'coalition"", ""'mission""]"
01275.txt,"[""'defiant"", ""'disastrous"", ""'land"", ""'radical"", ""'sabotage"", ""'seize"", ""'satellite""]"
03539.txt,"[""'dead"", ""'kill"", ""'menace"", ""'outbreak"", ""'siege"", ""'war""]"
01524.txt,"[""'capture"", ""'investigate"", ""'secret"", ""'strategy""]"
04035.txt,"[""'attack"", ""'bomb"", ""'security"", ""'spy"", ""'spy"", ""'terrorism"", ""'terrorist"", ""'war""]"
01780.txt,"[""'assault"", ""'deadly"", ""'fight"", ""'guns"", ""'land"", ""'guns"", ""'strategy"", ""'weapons""]"
00465.txt,"[""'bomb"", ""'security"", ""'violence"", ""'war""]"
00548.txt,"[""'attack"", ""'death"", ""'disease"", ""'fatal"", ""'suffering""]"
01776.txt,"[""'capture"", ""'dead"", ""'land"", ""'military"", ""'tank"", ""'war""]"
02205.txt,"[""'attack"", ""'coalition"", ""'destruction"", ""'warfare"", ""'hostile"", ""'military"", ""'missile"", ""'proliferation"", ""'security"", ""'strategic"", ""'threat"", ""'war"", ""'warheads"", ""'weapons""]"
03671.txt,"[""'capture"", ""'military"", ""'strategy"", ""'war""]"
00318.txt,"[""'assault"", ""'attack"", ""'bomb"", ""'bombardment"", ""'trap"", ""'flee"", ""'kill"", ""'military"", ""'mortars"", ""'rebel"", ""'security"", ""'threat"", ""'war""]"
01201.txt,"[""'attack"", ""'dead"", ""'death"", ""'invasion"", ""'military"", ""'radical"", ""'secret"", ""'threat"", ""'war""]"
03667.txt,"[""'deadly"", ""'death"", ""'fight"", ""'land"", ""'military"", ""'murder"", ""'strategy"", ""'terrorism"", ""'terrorist"", ""'violence"", ""'weapons""]"
00067.txt,"[""'military"", ""'mission"", ""'secret"", ""'war""]"
03086.txt,"[""'kill"", ""'military"", ""'strategic"", ""'threat""]"
02918.txt,"[""'death"", ""'military"", ""'strategy"", ""'war""]"
02328.txt,"[""'assault"", ""'attack"", ""'casualties"", ""'fighter"", ""'infantry"", ""'land"", ""'military"", ""'rebel"", ""'siege"", ""'war""]"
02148.txt,"[""'kill"", ""'outbreak"", ""'security"", ""'weapon""]"
00829.txt,"[""'fight"", ""'military"", ""'rebel"", ""'security"", ""'war""]"
02639.txt,"[""'coalition"", ""'invasion"", ""'security"", ""'threat""]"
00803.txt,"[""'bomb"", ""'dead"", ""'bombs"", ""'mines"", ""'machine"", ""'mines""]"
03937.txt,"[""'attack"", ""'coalition"", ""'death"", ""'security""]"
00358.txt,"[""'military"", ""'missile"", ""'proliferation"", ""'satellite""]"
03268.txt,"[""'annihilate"", ""'death"", ""'fight"", ""'strategist"", ""'target""]"
02450.txt,"[""'machine"", ""'military"", ""'secret"", ""'tactics""]"
01128.txt,"[""'bomb"", ""'dead"", ""'explosion"", ""'missile"", ""'sabotage"", ""'security"", ""'terrorism"", ""'terrorist"", ""'wreckage""]"
03898.txt,"[""'bombardment"", ""'casualties"", ""'explosive"", ""'injuries"", ""'siege"", ""'suffering"", ""'surrender""]"
04202.txt,"[""'attack"", ""'land"", ""'military"", ""'proliferation"", ""'seize"", ""'satellite""]"
02281.txt,"[""'die"", ""'rage"", ""'suffering"", ""'target""]"
00337.txt,"[""'death"", ""'strategist"", ""'suspect"", ""'war""]"
00559.txt,"[""'attack"", ""'dead"", ""'explosion"", ""'military"", ""'rebel"", ""'rocket"", ""'security"", ""'war""]"
02875.txt,"[""'attack"", ""'disease"", ""'suffering"", ""'threat"", ""'war""]"
00542.txt,"[""'security"", ""'strategist"", ""'violence"", ""'weapons""]"
04420.txt,"[""'attack"", ""'secret"", ""'strategic"", ""'suspect"", ""'tactics"", ""'war""]"
00777.txt,"[""'assault"", ""'breach"", ""'death"", ""'disease"", ""'interrogation""]"
00233.txt,"[""'coalition"", ""'dead"", ""'invasion"", ""'military"", ""'missile"", ""'mission"", ""'strategic""]"
03895.txt,"[""'attack"", ""'bomb"", ""'bombs"", ""'military"", ""'terrorist"", ""'threat"", ""'weapon"", ""'weapons""]"
02348.txt,"[""'attack"", ""'coalition"", ""'death"", ""'disaster"", ""'disastrous"", ""'land"", ""'massacre"", ""'penetration"", ""'tactics"", ""'target"", ""'war""]"
02569.txt,"[""'dead"", ""'rebel"", ""'security"", ""'war"", ""'weapons""]"
01422.txt,"[""'death"", ""'kill"", ""'machine"", ""'mission""]"
00929.txt,"[""'land"", ""'mission"", ""'spy"", ""'spy""]"
03350.txt,"[""'dead"", ""'death"", ""'military"", ""'rebel"", ""'suffering"", ""'war""]"
02650.txt,"[""'land"", ""'strategic"", ""'strategy"", ""'target""]"
01356.txt,"[""'devastation"", ""'evacuate"", ""'satellite"", ""'tank""]"
02467.txt,"[""'attack"", ""'death"", ""'die"", ""'disease"", ""'mission"", ""'notorious"", ""'radical""]"
04429.txt,"[""'warfare"", ""'machine"", ""'military"", ""'strategic"", ""'strategy"", ""'threaten""]"
00148.txt,"[""'assault"", ""'casualties"", ""'death"", ""'military"", ""'strategic"", ""'war""]"
03360.txt,"[""'trap"", ""'coalition"", ""'disease"", ""'fight"", ""'target""]"
03780.txt,"[""'horrific"", ""'strategic"", ""'strategy"", ""'target""]"
01288.txt,"[""'assault"", ""'attack"", ""'injuries"", ""'military"", ""'radical"", ""'terrorist"", ""'violence"", ""'weapon""]"
00977.txt,"[""'assault"", ""'attack"", ""'guns"", ""'guns"", ""'threaten"", ""'violence"", ""'weapons""]"
02961.txt,"[""'bomb"", ""'conspiracy"", ""'death"", ""'destruction"", ""'detonate"", ""'explosive"", ""'fight"", ""'terror"", ""'terrorism"", ""'terrorist""]"
01046.txt,"[""'dead"", ""'investigate"", ""'military"", ""'security""]"
01636.txt,"[""'carnage"", ""'explosion"", ""'security"", ""'wreckage""]"
00750.txt,"[""'assault"", ""'disaster"", ""'land"", ""'radical"", ""'threat"", ""'weapons""]"
02242.txt,"[""'deadly"", ""'hostility"", ""'land"", ""'security"", ""'war""]"
00347.txt,"[""'invasion"", ""'massacre"", ""'military"", ""'security"", ""'violence""]"
00775.txt,"[""'chaos"", ""'disaster"", ""'mission"", ""'security"", ""'strategy"", ""'war""]"
00316.txt,"[""'fight"", ""'strategist"", ""'strategy"", ""'suspect""]"
01161.txt,"[""'attack"", ""'dead"", ""'death"", ""'destroy"", ""'genocide"", ""'guns"", ""'kill"", ""'guns"", ""'mayhem"", ""'military"", ""'rebel"", ""'war""]"
02145.txt,"[""'attack"", ""'coalition"", ""'invasion"", ""'military"", ""'retaliation"", ""'security"", ""'slaughter"", ""'threat"", ""'war""]"
00206.txt,"[""'disaster"", ""'fighter"", ""'military"", ""'provocation"", ""'reconnaissance"", ""'security"", ""'tank"", ""'war""]"
01457.txt,"[""'fatal"", ""'fighter"", ""'military"", ""'mission"", ""'war"", ""'warplane""]"
03241.txt,"[""'invasion"", ""'land"", ""'militant"", ""'military"", ""'security"", ""'strategy""]"
02177.txt,"[""'attack"", ""'warfare"", ""'submarine"", ""'war"", ""'weapons""]"
01087.txt,"[""'attack"", ""'coalition"", ""'military"", ""'security"", ""'strategist"", ""'target"", ""'war""]"
01194.txt,"[""'attack"", ""'bombardment"", ""'military"", ""'rebel"", ""'security"", ""'war""]"
00594.txt,"[""'die"", ""'disastrous"", ""'military"", ""'rebel"", ""'security"", ""'war""]"
02572.txt,"[""'assault"", ""'death"", ""'die"", ""'disease"", ""'fight"", ""'injuries"", ""'kill"", ""'war"", ""'weapons""]"
03274.txt,"[""'guns"", ""'machine"", ""'guns"", ""'military"", ""'mortars"", ""'rebel"", ""'security"", ""'war""]"
02029.txt,"[""'death"", ""'revenge"", ""'tragic"", ""'war""]"
03632.txt,"[""'assault"", ""'disastrous"", ""'fight"", ""'guns"", ""'guns"", ""'weapon"", ""'weapons""]"
00423.txt,"[""'conspiracy"", ""'death"", ""'investigations"", ""'security"", ""'threat"", ""'war""]"
00009.txt,"[""'dead"", ""'destroy"", ""'radical"", ""'savage""]"
03410.txt,"[""'assault"", ""'deadly"", ""'death"", ""'die"", ""'explode"", ""'fight"", ""'guns"", ""'land"", ""'guns"", ""'strategy"", ""'weapons""]"
01503.txt,"[""'fighter"", ""'land"", ""'military"", ""'rebellion"", ""'retaliation"", ""'security"", ""'war""]"
02383.txt,"[""'attack"", ""'conspire"", ""'death"", ""'escape"", ""'injuries"", ""'terror""]"
04305.txt,"[""'attack"", ""'kill"", ""'militant"", ""'slaughter""]"
02549.txt,"[""'fight"", ""'injuries"", ""'machine"", ""'outbreak"", ""'violence""]"
01853.txt,"[""'fight"", ""'security"", ""'strategist"", ""'war"", ""'weapons""]"
01779.txt,"[""'attack"", ""'coalition"", ""'invasion"", ""'war""]"
01848.txt,"[""'die"", ""'mission"", ""'security"", ""'threat""]"
02671.txt,"[""'attack"", ""'casualties"", ""'dead"", ""'flee"", ""'military"", ""'rebel"", ""'security""]"
04432.txt,"[""'attack"", ""'death"", ""'machine"", ""'suspect"", ""'tactics""]"
03684.txt,"[""'destroy"", ""'destruction"", ""'target"", ""'threat"", ""'violence""]"
03357.txt,"[""'coalition"", ""'death"", ""'die"", ""'fight"", ""'kill"", ""'murder"", ""'secret"", ""'suffering""]"
03053.txt,"[""'death"", ""'fight"", ""'vendetta"", ""'war""]"
01095.txt,"[""'disaster"", ""'satellite"", ""'strategic"", ""'strategy""]"
03325.txt,"[""'mission"", ""'security"", ""'strategy"", ""'violence""]"
04260.txt,"[""'land"", ""'military"", ""'strategy"", ""'terror""]"
03590.txt,"[""'coalition"", ""'death"", ""'kill"", ""'maim""]"
04068.txt,"[""'attack"", ""'strategy"", ""'target"", ""'war""]"
00073.txt,"[""'casualties"", ""'dead"", ""'military"", ""'mission"", ""'rebel"", ""'security"", ""'war""]"
02160.txt,"[""'assault"", ""'death"", ""'explosive"", ""'fight"", ""'military"", ""'security"", ""'target""]"
03322.txt,"[""'attack"", ""'invasion"", ""'military"", ""'missile"", ""'war""]"
04071.txt,"[""'attack"", ""'bomb"", ""'casualties"", ""'deadly"", ""'destruction"", ""'escape"", ""'explosion"", ""'explosive"", ""'kill"", ""'military"", ""'militia"", ""'missile"", ""'proliferation"", ""'security"", ""'spy"", ""'spy"", ""'target"", ""'terror"", ""'terrorism"", ""'terrorist"", ""'threat"", ""'war"", ""'weapon"", ""'weapons""]"
00209.txt,"[""'flee"", ""'land"", ""'security"", ""'war""]"
04005.txt,"[""'bomb"", ""'disaster"", ""'explosion"", ""'explosive"", ""'injuries"", ""'missile"", ""'tank"", ""'wreckage""]"
01814.txt,"[""'invasion"", ""'missile"", ""'security"", ""'war""]"
03670.txt,"[""'suffering"", ""'threat"", ""'tragic"", ""'violence""]"
00281.txt,"[""'death"", ""'fight"", ""'investigations"", ""'kill"", ""'land""]"
03006.txt,"[""'assault"", ""'capture"", ""'die"", ""'fight"", ""'strategy"", ""'target""]"
01023.txt,"[""'dead"", ""'death"", ""'disease"", ""'land"", ""'rocket"", ""'war""]"
00387.txt,"[""'destroy"", ""'military"", ""'overthrow"", ""'slaughter"", ""'terrorist"", ""'war""]"
02246.txt,"[""'aggression"", ""'brutal"", ""'coalition"", ""'military"", ""'threat"", ""'war""]"
01031.txt,"[""'bomb"", ""'investigate"", ""'investigations"", ""'mission"", ""'tactics""]"
01221.txt,"[""'bomb"", ""'disaster"", ""'missile"", ""'strategy""]"
04283.txt,"[""'bomb"", ""'disaster"", ""'explosive"", ""'missile"", ""'sabotage"", ""'wreckage""]"
01878.txt,"[""'chaos"", ""'investigations"", ""'radical"", ""'security"", ""'suspect""]"
00434.txt,"[""'coalition"", ""'dead"", ""'hostile"", ""'security"", ""'strategy"", ""'suffering"", ""'threat""]"
02165.txt,"[""'attack"", ""'chaos"", ""'die"", ""'disaster"", ""'massacre"", ""'security"", ""'war""]"
02248.txt,"[""'kill"", ""'outbreak"", ""'security"", ""'weapon""]"
03754.txt,"[""'attack"", ""'coalition"", ""'disease"", ""'fatal"", ""'strategic""]"
04065.txt,"[""'death"", ""'machine"", ""'security"", ""'strategic"", ""'tank"", ""'war""]"
01617.txt,"[""'investigate"", ""'investigations"", ""'persecute"", ""'security""]"
02109.txt,"[""'explosion"", ""'land"", ""'military"", ""'mission"", ""'secret"", ""'security"", ""'wreckage""]"
03805.txt,"[""'disease"", ""'guns"", ""'land"", ""'guns"", ""'murder""]"
00947.txt,"[""'bomb"", ""'breach"", ""'guns"", ""'guns"", ""'security"", ""'suspect"", ""'terrorism"", ""'threat"", ""'weapons""]"
02785.txt,"[""'anarchy"", ""'attack"", ""'capture"", ""'death"", ""'destruction"", ""'fighter"", ""'invasion"", ""'land"", ""'military"", ""'provocation"", ""'rebellion"", ""'security"", ""'treachery"", ""'war""]"
01574.txt,"[""'attack"", ""'coalition"", ""'explode"", ""'mission"", ""'proliferation"", ""'strategy"", ""'tank"", ""'threaten"", ""'war""]"
01557.txt,"[""'murder"", ""'security"", ""'suffering"", ""'violence""]"
00817.txt,"[""'fight"", ""'bombs"", ""'security"", ""'surrender""]"
01653.txt,"[""'attack"", ""'casualties"", ""'dead"", ""'military"", ""'rebel"", ""'security"", ""'war"", ""'weapons""]"
02304.txt,"[""'destroy"", ""'military"", ""'rebel"", ""'security"", ""'war"", ""'weapons""]"
02323.txt,"[""'coalition"", ""'malicious"", ""'military"", ""'murder""]"
00261.txt,"[""'attack"", ""'dead"", ""'destroy"", ""'fatal"", ""'war""]"
01869.txt,"[""'attack"", ""'conspiracy"", ""'die"", ""'investigate"", ""'military"", ""'security""]"
01565.txt,"[""'infantry"", ""'investigate"", ""'investigations"", ""'terrorism"", ""'terrorist"", ""'threat"", ""'wreckage""]"
02171.txt,"[""'assault"", ""'attack"", ""'dead"", ""'military"", ""'radical"", ""'rebel"", ""'secret"", ""'threat"", ""'war""]"
03746.txt,"[""'mission"", ""'terrorize"", ""'violence"", ""'war""]"
03254.txt,"[""'attack"", ""'dead"", ""'destruction"", ""'bombs"", ""'injuries"", ""'military"", ""'rebel"", ""'violence"", ""'war""]"
00864.txt,"[""'fighter"", ""'military"", ""'mission"", ""'war"", ""'warplane""]"
04298.txt,"[""'flee"", ""'secret"", ""'security"", ""'tactics""]"
00296.txt,"[""'coalition"", ""'military"", ""'mission"", ""'security""]"
00961.txt,"[""'explosion"", ""'fight"", ""'secrecy"", ""'vicious""]"
02130.txt,"[""'death"", ""'destroy"", ""'destruction"", ""'fight""]"
04104.txt,"[""'disastrous"", ""'strategy"", ""'suspect"", ""'war""]"
03079.txt,"[""'deadly"", ""'injuries"", ""'sabotage"", ""'security"", ""'satellite""]"
00101.txt,"[""'attack"", ""'capture"", ""'genocide"", ""'murder"", ""'slaughter"", ""'tactics"", ""'war""]"
04215.txt,"[""'bomb"", ""'deadly"", ""'disaster"", ""'explosion"", ""'explosive"", ""'missile"", ""'wreckage""]"
02296.txt,"[""'chaos"", ""'disease"", ""'fight"", ""'military"", ""'suspect""]"
04037.txt,"[""'attack"", ""'fighter"", ""'land"", ""'missile""]"
03799.txt,"[""'kill"", ""'murder"", ""'suspect"", ""'threaten"", ""'violence""]"
02559.txt,"[""'land"", ""'machine"", ""'radical"", ""'strategic""]"
02865.txt,"[""'land"", ""'security"", ""'seize"", ""'suspect""]"
00317.txt,"[""'destroy"", ""'land"", ""'military"", ""'war""]"
01456.txt,"[""'land"", ""'security"", ""'strategy"", ""'tactics"", ""'war""]"
03405.txt,"[""'attack"", ""'guns"", ""'investigate"", ""'guns"", ""'terrorist""]"
01248.txt,"[""'bomb"", ""'destruction"", ""'explosion"", ""'target"", ""'terrorism"", ""'terrorist"", ""'war""]"
04426.txt,"[""'coalition"", ""'militant"", ""'military"", ""'security"", ""'terrorism""]"
02135.txt,"[""'dead"", ""'land"", ""'secret"", ""'treachery"", ""'war""]"
01635.txt,"[""'attack"", ""'death"", ""'disease"", ""'fight"", ""'target""]"
00366.txt,"[""'deadly"", ""'fatal"", ""'kill"", ""'threat""]"
02874.txt,"[""'assassin"", ""'kill"", ""'violence"", ""'war""]"
03611.txt,"[""'attack"", ""'death"", ""'disease"", ""'machine""]"
00251.txt,"[""'death"", ""'die"", ""'disaster"", ""'disease"", ""'military""]"
02645.txt,"[""'attack"", ""'death"", ""'notorious"", ""'seize"", ""'war""]"
01740.txt,"[""'anguish"", ""'death"", ""'destruction"", ""'proliferation"", ""'secret"", ""'threaten""]"
01872.txt,"[""'assassinate"", ""'dead"", ""'guns"", ""'kill"", ""'guns"", ""'military"", ""'murder"", ""'secret""]"
02280.txt,"[""'bomb"", ""'brutal"", ""'casualties"", ""'conspiracy"", ""'target"", ""'war""]"
01368.txt,"[""'assault"", ""'fight"", ""'guns"", ""'guns"", ""'radical"", ""'secret"", ""'war"", ""'weapons""]"
02697.txt,"[""'attack"", ""'explosion"", ""'investigations"", ""'suspect""]"
00658.txt,"[""'disaster"", ""'land"", ""'military"", ""'war""]"
03380.txt,"[""'military"", ""'rebel"", ""'security"", ""'strategic"", ""'strategy"", ""'war""]"
02707.txt,"[""'disaster"", ""'military"", ""'secret"", ""'security""]"
02736.txt,"[""'fight"", ""'strategist"", ""'strategy"", ""'suspect""]"
01419.txt,"[""'casualties"", ""'military"", ""'rebel"", ""'security"", ""'war""]"
01054.txt,"[""'captive"", ""'guns"", ""'hijack"", ""'guns"", ""'military"", ""'security"", ""'terrorist""]"
00201.txt,"[""'death"", ""'military"", ""'security"", ""'strategy"", ""'target"", ""'threat"", ""'weapons""]"
02310.txt,"[""'hostile"", ""'satellite"", ""'strategic"", ""'strategy"", ""'target""]"
00197.txt,"[""'assault"", ""'attack"", ""'bomb"", ""'coalition"", ""'deadly"", ""'death"", ""'destruction"", ""'explode"", ""'fight"", ""'bombs"", ""'guns"", ""'kill"", ""'land"", ""'guns"", ""'military"", ""'missile"", ""'security"", ""'strategy"", ""'terror"", ""'terrorism"", ""'threat"", ""'violence"", ""'war"", ""'weapons""]"
00474.txt,"[""'guns"", ""'land"", ""'guns"", ""'war"", ""'weapons""]"
03007.txt,"[""'assault"", ""'fight"", ""'injuries"", ""'terror""]"
